1222022	-19	RetailRecreation
1232022	-19	RetailRecreation
1242022	-19	RetailRecreation
1252022	-17	RetailRecreation
1262022	-16	RetailRecreation
1272022	-15	RetailRecreation
1282022	-16	RetailRecreation
1292022	-22	RetailRecreation
1302022	-18	RetailRecreation
1312022	-15	RetailRecreation
212022	-10	RetailRecreation
222022	-17	RetailRecreation
232022	-25	RetailRecreation
242022	-23	RetailRecreation
252022	-13	RetailRecreation
262022	-12	RetailRecreation
272022	-14	RetailRecreation
282022	-12	RetailRecreation
292022	-10	RetailRecreation
2102022	-11	RetailRecreation
2112022	-11	RetailRecreation
2122022	-8	RetailRecreation
2132022	-16	RetailRecreation
2142022	-5	RetailRecreation
2152022	-14	RetailRecreation
2162022	-11	RetailRecreation
2172022	-15	RetailRecreation
2182022	-13	RetailRecreation
2192022	-9	RetailRecreation
2202022	-6	RetailRecreation
2212022	-7	RetailRecreation
2222022	-14	RetailRecreation
2232022	-13	RetailRecreation
2242022	-15	RetailRecreation
2252022	-15	RetailRecreation
2262022	-9	RetailRecreation
2272022	-8	RetailRecreation
2282022	-10	RetailRecreation
312022	-7	RetailRecreation
322022	-8	RetailRecreation
332022	-8	RetailRecreation
342022	-10	RetailRecreation
352022	-7	RetailRecreation
362022	-7	RetailRecreation
372022	-14	RetailRecreation
382022	-12	RetailRecreation
392022	-13	RetailRecreation
3102022	-12	RetailRecreation
3112022	-14	RetailRecreation
3122022	-16	RetailRecreation
3132022	-10	RetailRecreation
3142022	-12	RetailRecreation
3152022	-10	RetailRecreation
3162022	-7	RetailRecreation
3172022	-9	RetailRecreation
3182022	-11	RetailRecreation
3192022	-9	RetailRecreation
3202022	-6	RetailRecreation
3212022	-12	RetailRecreation
3222022	-12	RetailRecreation
3232022	-11	RetailRecreation
3242022	-11	RetailRecreation
3252022	-11	RetailRecreation
3262022	-9	RetailRecreation
3272022	-8	RetailRecreation
3282022	-14	RetailRecreation
3292022	-12	RetailRecreation
3302022	-11	RetailRecreation
3312022	-10	RetailRecreation
412022	-8	RetailRecreation
422022	-7	RetailRecreation
432022	-6	RetailRecreation
442022	-11	RetailRecreation
452022	-11	RetailRecreation
462022	-10	RetailRecreation
472022	-10	RetailRecreation
482022	-9	RetailRecreation
492022	-6	RetailRecreation
4102022	-4	RetailRecreation
4112022	-10	RetailRecreation
4122022	-9	RetailRecreation
4132022	-8	RetailRecreation
4142022	-5	RetailRecreation
4152022	-6	RetailRecreation
4162022	-8	RetailRecreation
4172022	-31	RetailRecreation
4182022	-12	RetailRecreation
4192022	-11	RetailRecreation
4202022	-8	RetailRecreation
4212022	-8	RetailRecreation
4222022	-8	RetailRecreation
4232022	-5	RetailRecreation
4242022	-4	RetailRecreation
4252022	-10	RetailRecreation
4262022	-9	RetailRecreation
4272022	-7	RetailRecreation
4282022	-7	RetailRecreation
4292022	-7	RetailRecreation
4302022	-5	RetailRecreation
512022	-3	RetailRecreation
522022	-8	RetailRecreation
532022	-6	RetailRecreation
542022	-6	RetailRecreation
552022	-4	RetailRecreation
562022	-7	RetailRecreation
572022	-2	RetailRecreation
582022	2	RetailRecreation
592022	-8	RetailRecreation
5102022	-5	RetailRecreation
5112022	-6	RetailRecreation
5122022	-6	RetailRecreation
5132022	-8	RetailRecreation
5142022	-6	RetailRecreation
5152022	-4	RetailRecreation
5162022	-9	RetailRecreation
5172022	-7	RetailRecreation
5182022	-6	RetailRecreation
5192022	-6	RetailRecreation
5202022	-8	RetailRecreation
5212022	-8	RetailRecreation
5222022	-5	RetailRecreation
5232022	-8	RetailRecreation
5242022	-7	RetailRecreation
5252022	-5	RetailRecreation
5262022	-4	RetailRecreation
5272022	-7	RetailRecreation
5282022	-9	RetailRecreation
5292022	-4	RetailRecreation
5302022	-11	RetailRecreation
5312022	-7	RetailRecreation
612022	-5	RetailRecreation
622022	-6	RetailRecreation
632022	-7	RetailRecreation
642022	-8	RetailRecreation
652022	-5	RetailRecreation
662022	-8	RetailRecreation
672022	-7	RetailRecreation
682022	-6	RetailRecreation
692022	-6	RetailRecreation
6102022	-8	RetailRecreation
6112022	-9	RetailRecreation
6122022	-6	RetailRecreation
6132022	-8	RetailRecreation
6142022	-7	RetailRecreation
6152022	-5	RetailRecreation
6162022	-6	RetailRecreation
6172022	-8	RetailRecreation
6182022	-7	RetailRecreation
6192022	-3	RetailRecreation
6202022	-7	RetailRecreation
6212022	-7	RetailRecreation
6222022	-7	RetailRecreation
6232022	-7	RetailRecreation
6242022	-9	RetailRecreation
6252022	-10	RetailRecreation
6262022	-7	RetailRecreation
6272022	-9	RetailRecreation
6282022	-7	RetailRecreation
6292022	-6	RetailRecreation
6302022	-4	RetailRecreation
712022	-5	RetailRecreation
722022	-10	RetailRecreation
732022	-5	RetailRecreation
742022	-20	RetailRecreation
752022	-9	RetailRecreation
762022	-8	RetailRecreation
772022	-7	RetailRecreation
782022	-10	RetailRecreation
792022	-11	RetailRecreation
7102022	-7	RetailRecreation
7112022	-9	RetailRecreation
7122022	-8	RetailRecreation
7132022	-7	RetailRecreation
7142022	-8	RetailRecreation
7152022	-11	RetailRecreation
7162022	-11	RetailRecreation
7172022	-8	RetailRecreation
7182022	-10	RetailRecreation
7192022	-8	RetailRecreation
7202022	-7	RetailRecreation
7212022	-8	RetailRecreation
7222022	-10	RetailRecreation
7232022	-11	RetailRecreation
7242022	-8	RetailRecreation
7252022	-10	RetailRecreation
7262022	-7	RetailRecreation
7272022	-6	RetailRecreation
7282022	-6	RetailRecreation
7292022	-8	RetailRecreation
7302022	-9	RetailRecreation
7312022	-6	RetailRecreation
812022	-6	RetailRecreation
822022	-5	RetailRecreation
832022	-4	RetailRecreation
842022	-5	RetailRecreation
852022	-8	RetailRecreation
862022	-9	RetailRecreation
872022	-6	RetailRecreation
882022	-8	RetailRecreation
892022	-7	RetailRecreation
8102022	-6	RetailRecreation
8112022	-6	RetailRecreation
8122022	-9	RetailRecreation
8132022	-9	RetailRecreation
8142022	-5	RetailRecreation
8152022	-7	RetailRecreation
8162022	-6	RetailRecreation
8172022	-5	RetailRecreation
8182022	-6	RetailRecreation
8192022	-8	RetailRecreation
8202022	-8	RetailRecreation
8212022	-6	RetailRecreation
8222022	-9	RetailRecreation
8232022	-8	RetailRecreation
8242022	-7	RetailRecreation
8252022	-7	RetailRecreation
8262022	-9	RetailRecreation
1222022	-10	GroceryPharmacy
1232022	-12	GroceryPharmacy
1242022	-8	GroceryPharmacy
1252022	-6	GroceryPharmacy
1262022	-6	GroceryPharmacy
1272022	-4	GroceryPharmacy
1282022	-5	GroceryPharmacy
1292022	-15	GroceryPharmacy
1302022	-11	GroceryPharmacy
1312022	-4	GroceryPharmacy
212022	4	GroceryPharmacy
222022	-4	GroceryPharmacy
232022	-12	GroceryPharmacy
242022	-15	GroceryPharmacy
252022	-6	GroceryPharmacy
262022	-7	GroceryPharmacy
272022	-5	GroceryPharmacy
282022	-3	GroceryPharmacy
292022	-2	GroceryPharmacy
2102022	-1	GroceryPharmacy
2112022	-3	GroceryPharmacy
2122022	2	GroceryPharmacy
2132022	4	GroceryPharmacy
2142022	6	GroceryPharmacy
2152022	-5	GroceryPharmacy
2162022	-4	GroceryPharmacy
2172022	-7	GroceryPharmacy
2182022	-9	GroceryPharmacy
2192022	-6	GroceryPharmacy
2202022	-6	GroceryPharmacy
2212022	-4	GroceryPharmacy
2222022	-7	GroceryPharmacy
2232022	-6	GroceryPharmacy
2242022	-7	GroceryPharmacy
2252022	-12	GroceryPharmacy
2262022	-6	GroceryPharmacy
2272022	-6	GroceryPharmacy
2282022	-4	GroceryPharmacy
312022	-1	GroceryPharmacy
322022	-3	GroceryPharmacy
332022	-2	GroceryPharmacy
342022	-7	GroceryPharmacy
352022	-4	GroceryPharmacy
362022	-5	GroceryPharmacy
372022	-6	GroceryPharmacy
382022	-5	GroceryPharmacy
392022	-7	GroceryPharmacy
3102022	-5	GroceryPharmacy
3112022	-8	GroceryPharmacy
3122022	-13	GroceryPharmacy
3132022	-8	GroceryPharmacy
3142022	-5	GroceryPharmacy
3152022	-4	GroceryPharmacy
3162022	-4	GroceryPharmacy
3172022	-5	GroceryPharmacy
3182022	-9	GroceryPharmacy
3192022	-6	GroceryPharmacy
3202022	-5	GroceryPharmacy
3212022	-6	GroceryPharmacy
3222022	-6	GroceryPharmacy
3232022	-7	GroceryPharmacy
3242022	-6	GroceryPharmacy
3252022	-8	GroceryPharmacy
3262022	-6	GroceryPharmacy
3272022	-6	GroceryPharmacy
3282022	-8	GroceryPharmacy
3292022	-6	GroceryPharmacy
3302022	-7	GroceryPharmacy
3312022	-6	GroceryPharmacy
412022	-5	GroceryPharmacy
422022	-4	GroceryPharmacy
432022	-4	GroceryPharmacy
442022	-4	GroceryPharmacy
452022	-4	GroceryPharmacy
462022	-5	GroceryPharmacy
472022	-5	GroceryPharmacy
482022	-5	GroceryPharmacy
492022	-2	GroceryPharmacy
4102022	-2	GroceryPharmacy
4112022	-2	GroceryPharmacy
4122022	-2	GroceryPharmacy
4132022	-3	GroceryPharmacy
4142022	1	GroceryPharmacy
4152022	0	GroceryPharmacy
4162022	7	GroceryPharmacy
4172022	-17	GroceryPharmacy
4182022	-7	GroceryPharmacy
4192022	-5	GroceryPharmacy
4202022	-4	GroceryPharmacy
4212022	-3	GroceryPharmacy
4222022	-6	GroceryPharmacy
4232022	-2	GroceryPharmacy
4242022	-2	GroceryPharmacy
4252022	-3	GroceryPharmacy
4262022	-2	GroceryPharmacy
4272022	-2	GroceryPharmacy
4282022	-1	GroceryPharmacy
4292022	-3	GroceryPharmacy
4302022	-1	GroceryPharmacy
512022	0	GroceryPharmacy
522022	0	GroceryPharmacy
532022	2	GroceryPharmacy
542022	1	GroceryPharmacy
552022	2	GroceryPharmacy
562022	-2	GroceryPharmacy
572022	7	GroceryPharmacy
582022	6	GroceryPharmacy
592022	-1	GroceryPharmacy
5102022	1	GroceryPharmacy
5112022	0	GroceryPharmacy
5122022	0	GroceryPharmacy
5132022	-3	GroceryPharmacy
5142022	-1	GroceryPharmacy
5152022	0	GroceryPharmacy
5162022	-1	GroceryPharmacy
5172022	0	GroceryPharmacy
5182022	-1	GroceryPharmacy
5192022	0	GroceryPharmacy
5202022	-4	GroceryPharmacy
5212022	-1	GroceryPharmacy
5222022	-1	GroceryPharmacy
5232022	-1	GroceryPharmacy
5242022	-1	GroceryPharmacy
5252022	0	GroceryPharmacy
5262022	1	GroceryPharmacy
5272022	-1	GroceryPharmacy
5282022	1	GroceryPharmacy
5292022	1	GroceryPharmacy
5302022	-4	GroceryPharmacy
5312022	2	GroceryPharmacy
612022	2	GroceryPharmacy
622022	1	GroceryPharmacy
632022	-1	GroceryPharmacy
642022	0	GroceryPharmacy
652022	0	GroceryPharmacy
662022	0	GroceryPharmacy
672022	0	GroceryPharmacy
682022	-1	GroceryPharmacy
692022	0	GroceryPharmacy
6102022	-3	GroceryPharmacy
6112022	-1	GroceryPharmacy
6122022	-1	GroceryPharmacy
6132022	-1	GroceryPharmacy
6142022	0	GroceryPharmacy
6152022	1	GroceryPharmacy
6162022	1	GroceryPharmacy
6172022	-1	GroceryPharmacy
6182022	4	GroceryPharmacy
6192022	3	GroceryPharmacy
6202022	-1	GroceryPharmacy
6212022	0	GroceryPharmacy
6222022	-1	GroceryPharmacy
6232022	0	GroceryPharmacy
6242022	-3	GroceryPharmacy
6252022	-1	GroceryPharmacy
6262022	-2	GroceryPharmacy
6272022	-2	GroceryPharmacy
6282022	0	GroceryPharmacy
6292022	0	GroceryPharmacy
6302022	3	GroceryPharmacy
712022	5	GroceryPharmacy
722022	5	GroceryPharmacy
732022	6	GroceryPharmacy
742022	-5	GroceryPharmacy
752022	1	GroceryPharmacy
762022	0	GroceryPharmacy
772022	1	GroceryPharmacy
782022	-4	GroceryPharmacy
792022	-2	GroceryPharmacy
7102022	-2	GroceryPharmacy
7112022	-1	GroceryPharmacy
7122022	-1	GroceryPharmacy
7132022	-1	GroceryPharmacy
7142022	0	GroceryPharmacy
7152022	-5	GroceryPharmacy
7162022	-2	GroceryPharmacy
7172022	-2	GroceryPharmacy
7182022	-2	GroceryPharmacy
7192022	-1	GroceryPharmacy
7202022	-1	GroceryPharmacy
7212022	0	GroceryPharmacy
7222022	-2	GroceryPharmacy
7232022	-2	GroceryPharmacy
7242022	-3	GroceryPharmacy
7252022	-2	GroceryPharmacy
7262022	1	GroceryPharmacy
7272022	0	GroceryPharmacy
7282022	1	GroceryPharmacy
7292022	2	GroceryPharmacy
7302022	-1	GroceryPharmacy
7312022	-1	GroceryPharmacy
812022	2	GroceryPharmacy
822022	1	GroceryPharmacy
832022	2	GroceryPharmacy
842022	1	GroceryPharmacy
852022	-2	GroceryPharmacy
862022	0	GroceryPharmacy
872022	0	GroceryPharmacy
882022	0	GroceryPharmacy
892022	0	GroceryPharmacy
8102022	0	GroceryPharmacy
8112022	1	GroceryPharmacy
8122022	-3	GroceryPharmacy
8132022	0	GroceryPharmacy
8142022	0	GroceryPharmacy
8152022	0	GroceryPharmacy
8162022	1	GroceryPharmacy
8172022	0	GroceryPharmacy
8182022	0	GroceryPharmacy
8192022	-3	GroceryPharmacy
8202022	-1	GroceryPharmacy
8212022	-1	GroceryPharmacy
8222022	-2	GroceryPharmacy
8232022	0	GroceryPharmacy
8242022	-1	GroceryPharmacy
8252022	-1	GroceryPharmacy
8262022	-4	GroceryPharmacy
1222022	-16	Parks
1232022	-16	Parks
1242022	-16	Parks
1252022	-15	Parks
1262022	-15	Parks
1272022	-10	Parks
1282022	-15	Parks
1292022	-15	Parks
1302022	-15	Parks
1312022	-13	Parks
212022	-8	Parks
222022	-15	Parks
232022	-19	Parks
242022	-22	Parks
252022	-9	Parks
262022	-7	Parks
272022	-11	Parks
282022	-5	Parks
292022	0	Parks
2102022	4	Parks
2112022	3	Parks
2122022	12	Parks
2132022	-15	Parks
2142022	-7	Parks
2152022	-4	Parks
2162022	0	Parks
2172022	-2	Parks
2182022	-4	Parks
2192022	6	Parks
2202022	11	Parks
2212022	14	Parks
2222022	-10	Parks
2232022	-4	Parks
2242022	-9	Parks
2252022	-11	Parks
2262022	1	Parks
2272022	-3	Parks
2282022	-2	Parks
312022	8	Parks
322022	11	Parks
332022	7	Parks
342022	0	Parks
352022	19	Parks
362022	10	Parks
372022	-5	Parks
382022	-2	Parks
392022	-6	Parks
3102022	1	Parks
3112022	-4	Parks
3122022	-13	Parks
3132022	0	Parks
3142022	12	Parks
3152022	19	Parks
3162022	25	Parks
3172022	20	Parks
3182022	15	Parks
3192022	19	Parks
3202022	24	Parks
3212022	16	Parks
3222022	12	Parks
3232022	4	Parks
3242022	9	Parks
3252022	12	Parks
3262022	22	Parks
3272022	10	Parks
3282022	-1	Parks
3292022	7	Parks
3302022	8	Parks
3312022	8	Parks
412022	11	Parks
422022	29	Parks
432022	15	Parks
442022	12	Parks
452022	13	Parks
462022	11	Parks
472022	12	Parks
482022	13	Parks
492022	28	Parks
4102022	24	Parks
4112022	16	Parks
4122022	24	Parks
4132022	18	Parks
4142022	24	Parks
4152022	27	Parks
4162022	28	Parks
4172022	21	Parks
4182022	5	Parks
4192022	15	Parks
4202022	22	Parks
4212022	29	Parks
4222022	27	Parks
4232022	59	Parks
4242022	39	Parks
4252022	16	Parks
4262022	17	Parks
4272022	22	Parks
4282022	26	Parks
4292022	26	Parks
4302022	47	Parks
512022	34	Parks
522022	18	Parks
532022	21	Parks
542022	22	Parks
552022	29	Parks
562022	13	Parks
572022	36	Parks
582022	25	Parks
592022	29	Parks
5102022	37	Parks
5112022	35	Parks
5122022	39	Parks
5132022	35	Parks
5142022	57	Parks
5152022	45	Parks
5162022	28	Parks
5172022	40	Parks
5182022	31	Parks
5192022	36	Parks
5202022	30	Parks
5212022	53	Parks
5222022	40	Parks
5232022	27	Parks
5242022	30	Parks
5252022	28	Parks
5262022	34	Parks
5272022	36	Parks
5282022	60	Parks
5292022	79	Parks
5302022	82	Parks
5312022	38	Parks
612022	33	Parks
622022	39	Parks
632022	41	Parks
642022	64	Parks
652022	53	Parks
662022	34	Parks
672022	38	Parks
682022	37	Parks
692022	47	Parks
6102022	44	Parks
6112022	62	Parks
6122022	43	Parks
6132022	34	Parks
6142022	42	Parks
6152022	43	Parks
6162022	44	Parks
6172022	48	Parks
6182022	69	Parks
6192022	59	Parks
6202022	49	Parks
6212022	46	Parks
6222022	40	Parks
6232022	51	Parks
6242022	52	Parks
6252022	70	Parks
6262022	57	Parks
6272022	37	Parks
6282022	49	Parks
6292022	48	Parks
6302022	53	Parks
712022	51	Parks
722022	67	Parks
732022	86	Parks
742022	127	Parks
752022	33	Parks
762022	41	Parks
772022	48	Parks
782022	40	Parks
792022	59	Parks
7102022	53	Parks
7112022	40	Parks
7122022	43	Parks
7132022	46	Parks
7142022	52	Parks
7152022	48	Parks
7162022	61	Parks
7172022	46	Parks
7182022	33	Parks
7192022	42	Parks
7202022	43	Parks
7212022	47	Parks
7222022	46	Parks
7232022	57	Parks
7242022	42	Parks
7252022	32	Parks
7262022	41	Parks
7272022	43	Parks
7282022	47	Parks
7292022	46	Parks
7302022	66	Parks
7312022	49	Parks
812022	33	Parks
822022	44	Parks
832022	40	Parks
842022	44	Parks
852022	40	Parks
862022	57	Parks
872022	40	Parks
882022	30	Parks
892022	36	Parks
8102022	39	Parks
8112022	46	Parks
8122022	45	Parks
8132022	64	Parks
8142022	47	Parks
8152022	33	Parks
8162022	39	Parks
8172022	39	Parks
8182022	47	Parks
8192022	42	Parks
8202022	58	Parks
8212022	39	Parks
8222022	25	Parks
8232022	37	Parks
8242022	38	Parks
8252022	41	Parks
8262022	35	Parks
1222022	-31	Transit
1232022	-29	Transit
1242022	-32	Transit
1252022	-32	Transit
1262022	-32	Transit
1272022	-30	Transit
1282022	-30	Transit
1292022	-36	Transit
1302022	-28	Transit
1312022	-30	Transit
212022	-28	Transit
222022	-31	Transit
232022	-36	Transit
242022	-35	Transit
252022	-26	Transit
262022	-25	Transit
272022	-28	Transit
282022	-27	Transit
292022	-26	Transit
2102022	-25	Transit
2112022	-24	Transit
2122022	-20	Transit
2132022	-25	Transit
2142022	-27	Transit
2152022	-26	Transit
2162022	-25	Transit
2172022	-26	Transit
2182022	-24	Transit
2192022	-19	Transit
2202022	-19	Transit
2212022	-29	Transit
2222022	-28	Transit
2232022	-27	Transit
2242022	-28	Transit
2252022	-29	Transit
2262022	-20	Transit
2272022	-19	Transit
2282022	-25	Transit
312022	-24	Transit
322022	-24	Transit
332022	-25	Transit
342022	-25	Transit
352022	-20	Transit
362022	-20	Transit
372022	-27	Transit
382022	-27	Transit
392022	-28	Transit
3102022	-27	Transit
3112022	-27	Transit
3122022	-26	Transit
3132022	-20	Transit
3142022	-26	Transit
3152022	-25	Transit
3162022	-24	Transit
3172022	-25	Transit
3182022	-24	Transit
3192022	-19	Transit
3202022	-15	Transit
3212022	-26	Transit
3222022	-26	Transit
3232022	-26	Transit
3242022	-26	Transit
3252022	-25	Transit
3262022	-20	Transit
3272022	-18	Transit
3282022	-28	Transit
3292022	-27	Transit
3302022	-27	Transit
3312022	-26	Transit
412022	-24	Transit
422022	-19	Transit
432022	-18	Transit
442022	-26	Transit
452022	-25	Transit
462022	-25	Transit
472022	-25	Transit
482022	-23	Transit
492022	-17	Transit
4102022	-15	Transit
4112022	-25	Transit
4122022	-24	Transit
4132022	-25	Transit
4142022	-23	Transit
4152022	-26	Transit
4162022	-22	Transit
4172022	-22	Transit
4182022	-27	Transit
4192022	-26	Transit
4202022	-24	Transit
4212022	-24	Transit
4222022	-23	Transit
4232022	-16	Transit
4242022	-14	Transit
4252022	-24	Transit
4262022	-24	Transit
4272022	-23	Transit
4282022	-22	Transit
4292022	-21	Transit
4302022	-16	Transit
512022	-14	Transit
522022	-25	Transit
532022	-23	Transit
542022	-23	Transit
552022	-22	Transit
562022	-23	Transit
572022	-18	Transit
582022	-15	Transit
592022	-23	Transit
5102022	-22	Transit
5112022	-22	Transit
5122022	-21	Transit
5132022	-21	Transit
5142022	-15	Transit
5152022	-12	Transit
5162022	-23	Transit
5172022	-21	Transit
5182022	-21	Transit
5192022	-21	Transit
5202022	-21	Transit
5212022	-14	Transit
5222022	-12	Transit
5232022	-22	Transit
5242022	-22	Transit
5252022	-21	Transit
5262022	-19	Transit
5272022	-19	Transit
5282022	-14	Transit
5292022	-13	Transit
5302022	-34	Transit
5312022	-20	Transit
612022	-20	Transit
622022	-21	Transit
632022	-20	Transit
642022	-12	Transit
652022	-10	Transit
662022	-21	Transit
672022	-21	Transit
682022	-20	Transit
692022	-20	Transit
6102022	-19	Transit
6112022	-11	Transit
6122022	-10	Transit
6132022	-21	Transit
6142022	-20	Transit
6152022	-19	Transit
6162022	-19	Transit
6172022	-18	Transit
6182022	-9	Transit
6192022	-9	Transit
6202022	-23	Transit
6212022	-20	Transit
6222022	-20	Transit
6232022	-19	Transit
6242022	-18	Transit
6252022	-10	Transit
6262022	-6	Transit
6272022	-21	Transit
6282022	-20	Transit
6292022	-19	Transit
6302022	-17	Transit
712022	-16	Transit
722022	-10	Transit
732022	-12	Transit
742022	-36	Transit
752022	-20	Transit
762022	-21	Transit
772022	-21	Transit
782022	-22	Transit
792022	-12	Transit
7102022	-9	Transit
7112022	-21	Transit
7122022	-21	Transit
7132022	-20	Transit
7142022	-19	Transit
7152022	-20	Transit
7162022	-11	Transit
7172022	-9	Transit
7182022	-22	Transit
7192022	-21	Transit
7202022	-20	Transit
7212022	-20	Transit
7222022	-19	Transit
7232022	-11	Transit
7242022	-10	Transit
7252022	-21	Transit
7262022	-20	Transit
7272022	-19	Transit
7282022	-19	Transit
7292022	-18	Transit
7302022	-9	Transit
7312022	-7	Transit
812022	-20	Transit
822022	-20	Transit
832022	-20	Transit
842022	-20	Transit
852022	-20	Transit
862022	-10	Transit
872022	-9	Transit
882022	-21	Transit
892022	-21	Transit
8102022	-20	Transit
8112022	-20	Transit
8122022	-19	Transit
8132022	-10	Transit
8142022	-8	Transit
8152022	-21	Transit
8162022	-20	Transit
8172022	-20	Transit
8182022	-19	Transit
8192022	-19	Transit
8202022	-11	Transit
8212022	-9	Transit
8222022	-22	Transit
8232022	-20	Transit
8242022	-20	Transit
8252022	-20	Transit
8262022	-20	Transit
1222022	-11	Workplace
1232022	-12	Workplace
1242022	-25	Workplace
1252022	-25	Workplace
1262022	-24	Workplace
1272022	-23	Workplace
1282022	-22	Workplace
1292022	-14	Workplace
1302022	-11	Workplace
1312022	-23	Workplace
212022	-23	Workplace
222022	-26	Workplace
232022	-33	Workplace
242022	-31	Workplace
252022	-8	Workplace
262022	-9	Workplace
272022	-22	Workplace
282022	-22	Workplace
292022	-21	Workplace
2102022	-21	Workplace
2112022	-20	Workplace
2122022	-7	Workplace
2132022	-10	Workplace
2142022	-23	Workplace
2152022	-21	Workplace
2162022	-20	Workplace
2172022	-22	Workplace
2182022	-23	Workplace
2192022	-8	Workplace
2202022	-10	Workplace
2212022	-38	Workplace
2222022	-24	Workplace
2232022	-23	Workplace
2242022	-25	Workplace
2252022	-23	Workplace
2262022	-7	Workplace
2272022	-9	Workplace
2282022	-21	Workplace
312022	-21	Workplace
322022	-20	Workplace
332022	-20	Workplace
342022	-19	Workplace
352022	-7	Workplace
362022	-9	Workplace
372022	-21	Workplace
382022	-20	Workplace
392022	-20	Workplace
3102022	-20	Workplace
3112022	-21	Workplace
3122022	-10	Workplace
3132022	-9	Workplace
3142022	-24	Workplace
3152022	-23	Workplace
3162022	-22	Workplace
3172022	-23	Workplace
3182022	-24	Workplace
3192022	-8	Workplace
3202022	-9	Workplace
3212022	-22	Workplace
3222022	-21	Workplace
3232022	-21	Workplace
3242022	-21	Workplace
3252022	-20	Workplace
3262022	-7	Workplace
3272022	-9	Workplace
3282022	-21	Workplace
3292022	-20	Workplace
3302022	-20	Workplace
3312022	-20	Workplace
412022	-19	Workplace
422022	-7	Workplace
432022	-8	Workplace
442022	-21	Workplace
452022	-21	Workplace
462022	-20	Workplace
472022	-20	Workplace
482022	-20	Workplace
492022	-7	Workplace
4102022	-8	Workplace
4112022	-21	Workplace
4122022	-21	Workplace
4132022	-21	Workplace
4142022	-22	Workplace
4152022	-35	Workplace
4162022	-13	Workplace
4172022	-23	Workplace
4182022	-27	Workplace
4192022	-21	Workplace
4202022	-20	Workplace
4212022	-21	Workplace
4222022	-21	Workplace
4232022	-7	Workplace
4242022	-9	Workplace
4252022	-20	Workplace
4262022	-19	Workplace
4272022	-18	Workplace
4282022	-19	Workplace
4292022	-19	Workplace
4302022	-7	Workplace
512022	-8	Workplace
522022	-20	Workplace
532022	-19	Workplace
542022	-19	Workplace
552022	-19	Workplace
562022	-20	Workplace
572022	-9	Workplace
582022	-10	Workplace
592022	-21	Workplace
5102022	-20	Workplace
5112022	-19	Workplace
5122022	-20	Workplace
5132022	-20	Workplace
5142022	-9	Workplace
5152022	-9	Workplace
5162022	-21	Workplace
5172022	-20	Workplace
5182022	-20	Workplace
5192022	-21	Workplace
5202022	-21	Workplace
5212022	-9	Workplace
5222022	-10	Workplace
5232022	-22	Workplace
5242022	-22	Workplace
5252022	-22	Workplace
5262022	-23	Workplace
5272022	-27	Workplace
5282022	-15	Workplace
5292022	-14	Workplace
5302022	-72	Workplace
5312022	-26	Workplace
612022	-24	Workplace
622022	-25	Workplace
632022	-25	Workplace
642022	-9	Workplace
652022	-10	Workplace
662022	-27	Workplace
672022	-26	Workplace
682022	-26	Workplace
692022	-27	Workplace
6102022	-28	Workplace
6112022	-10	Workplace
6122022	-10	Workplace
6132022	-28	Workplace
6142022	-27	Workplace
6152022	-27	Workplace
6162022	-28	Workplace
6172022	-30	Workplace
6182022	-11	Workplace
6192022	-12	Workplace
6202022	-37	Workplace
6212022	-28	Workplace
6222022	-28	Workplace
6232022	-29	Workplace
6242022	-30	Workplace
6252022	-10	Workplace
6262022	-9	Workplace
6272022	-30	Workplace
6282022	-29	Workplace
6292022	-29	Workplace
6302022	-30	Workplace
712022	-33	Workplace
722022	-15	Workplace
732022	-14	Workplace
742022	-75	Workplace
752022	-36	Workplace
762022	-31	Workplace
772022	-31	Workplace
782022	-31	Workplace
792022	-10	Workplace
7102022	-10	Workplace
7112022	-31	Workplace
7122022	-30	Workplace
7132022	-29	Workplace
7142022	-30	Workplace
7152022	-31	Workplace
7162022	-10	Workplace
7172022	-10	Workplace
7182022	-31	Workplace
7192022	-30	Workplace
7202022	-29	Workplace
7212022	-30	Workplace
7222022	-30	Workplace
7232022	-10	Workplace
7242022	-10	Workplace
7252022	-31	Workplace
7262022	-29	Workplace
7272022	-29	Workplace
7282022	-29	Workplace
7292022	-30	Workplace
7302022	-9	Workplace
7312022	-9	Workplace
812022	-30	Workplace
822022	-29	Workplace
832022	-29	Workplace
842022	-29	Workplace
852022	-30	Workplace
862022	-10	Workplace
872022	-9	Workplace
882022	-30	Workplace
892022	-29	Workplace
8102022	-28	Workplace
8112022	-28	Workplace
8122022	-29	Workplace
8132022	-9	Workplace
8142022	-8	Workplace
8152022	-29	Workplace
8162022	-28	Workplace
8172022	-27	Workplace
8182022	-27	Workplace
8192022	-28	Workplace
8202022	-9	Workplace
8212022	-8	Workplace
8222022	-28	Workplace
8232022	-27	Workplace
8242022	-26	Workplace
8252022	-26	Workplace
8262022	-26	Workplace
1222022	6	Residential
1232022	6	Residential
1242022	6	Residential
1252022	6	Residential
1262022	6	Residential
1272022	6	Residential
1282022	6	Residential
1292022	6	Residential
1302022	6	Residential
1312022	6	Residential
212022	6	Residential
222022	6	Residential
232022	6	Residential
242022	6	Residential
252022	6	Residential
262022	6	Residential
272022	6	Residential
282022	6	Residential
292022	6	Residential
2102022	6	Residential
2112022	6	Residential
2122022	6	Residential
2132022	6	Residential
2142022	6	Residential
2152022	6	Residential
2162022	6	Residential
2172022	6	Residential
2182022	6	Residential
2192022	6	Residential
2202022	6	Residential
2212022	6	Residential
2222022	6	Residential
2232022	6	Residential
2242022	6	Residential
2252022	6	Residential
2262022	6	Residential
2272022	6	Residential
2282022	6	Residential
312022	6	Residential
322022	6	Residential
332022	6	Residential
342022	6	Residential
352022	6	Residential
362022	6	Residential
372022	6	Residential
382022	6	Residential
392022	6	Residential
3102022	6	Residential
3112022	6	Residential
3122022	6	Residential
3132022	6	Residential
3142022	6	Residential
3152022	6	Residential
3162022	6	Residential
3172022	6	Residential
3182022	6	Residential
3192022	6	Residential
3202022	6	Residential
3212022	6	Residential
3222022	6	Residential
3232022	6	Residential
3242022	6	Residential
3252022	6	Residential
3262022	6	Residential
3272022	6	Residential
3282022	6	Residential
3292022	6	Residential
3302022	6	Residential
3312022	6	Residential
412022	6	Residential
422022	6	Residential
432022	6	Residential
442022	6	Residential
452022	6	Residential
462022	6	Residential
472022	6	Residential
482022	6	Residential
492022	6	Residential
4102022	6	Residential
4112022	6	Residential
4122022	6	Residential
4132022	6	Residential
4142022	6	Residential
4152022	6	Residential
4162022	6	Residential
4172022	6	Residential
4182022	6	Residential
4192022	6	Residential
4202022	6	Residential
4212022	6	Residential
4222022	6	Residential
4232022	6	Residential
4242022	6	Residential
4252022	6	Residential
4262022	6	Residential
4272022	6	Residential
4282022	6	Residential
4292022	6	Residential
4302022	6	Residential
512022	6	Residential
522022	6	Residential
532022	6	Residential
542022	6	Residential
552022	6	Residential
562022	6	Residential
572022	6	Residential
582022	6	Residential
592022	6	Residential
5102022	6	Residential
5112022	6	Residential
5122022	6	Residential
5132022	6	Residential
5142022	6	Residential
5152022	6	Residential
5162022	6	Residential
5172022	6	Residential
5182022	6	Residential
5192022	6	Residential
5202022	6	Residential
5212022	6	Residential
5222022	6	Residential
5232022	6	Residential
5242022	6	Residential
5252022	6	Residential
5262022	6	Residential
5272022	6	Residential
5282022	6	Residential
5292022	6	Residential
5302022	6	Residential
5312022	6	Residential
612022	6	Residential
622022	6	Residential
632022	6	Residential
642022	6	Residential
652022	6	Residential
662022	6	Residential
672022	6	Residential
682022	6	Residential
692022	6	Residential
6102022	6	Residential
6112022	6	Residential
6122022	6	Residential
6132022	6	Residential
6142022	6	Residential
6152022	6	Residential
6162022	6	Residential
6172022	6	Residential
6182022	6	Residential
6192022	6	Residential
6202022	6	Residential
6212022	6	Residential
6222022	6	Residential
6232022	6	Residential
6242022	6	Residential
6252022	6	Residential
6262022	6	Residential
6272022	6	Residential
6282022	6	Residential
6292022	6	Residential
6302022	6	Residential
712022	6	Residential
722022	6	Residential
732022	6	Residential
742022	6	Residential
752022	6	Residential
762022	6	Residential
772022	6	Residential
782022	6	Residential
792022	6	Residential
7102022	6	Residential
7112022	6	Residential
7122022	6	Residential
7132022	6	Residential
7142022	6	Residential
7152022	6	Residential
7162022	6	Residential
7172022	6	Residential
7182022	6	Residential
7192022	6	Residential
7202022	6	Residential
7212022	6	Residential
7222022	6	Residential
7232022	6	Residential
7242022	6	Residential
7252022	6	Residential
7262022	6	Residential
7272022	6	Residential
7282022	6	Residential
7292022	6	Residential
7302022	6	Residential
7312022	6	Residential
812022	6	Residential
822022	6	Residential
832022	6	Residential
842022	6	Residential
852022	6	Residential
862022	6	Residential
872022	6	Residential
882022	6	Residential
892022	6	Residential
8102022	6	Residential
8112022	6	Residential
8122022	6	Residential
8132022	6	Residential
8142022	6	Residential
8152022	6	Residential
8162022	6	Residential
8172022	6	Residential
8182022	6	Residential
8192022	6	Residential
8202022	6	Residential
8212022	6	Residential
8222022	6	Residential
8232022	6	Residential
8242022	6	Residential
8252022	6	Residential
8262022	6	Residential
1222022	1	Hospitalization
1232022	1	Hospitalization
1242022	2	Hospitalization
1252022	3	Hospitalization
1262022	5	Hospitalization
1272022	5	Hospitalization
1282022	5	Hospitalization
1292022	5	Hospitalization
1302022	6	Hospitalization
1312022	7	Hospitalization
212022	8	Hospitalization
222022	11	Hospitalization
232022	11	Hospitalization
242022	11	Hospitalization
252022	12	Hospitalization
262022	12	Hospitalization
272022	12	Hospitalization
282022	12	Hospitalization
292022	12	Hospitalization
2102022	13	Hospitalization
2112022	13	Hospitalization
2122022	14	Hospitalization
2132022	15	Hospitalization
2142022	15	Hospitalization
2152022	15	Hospitalization
2162022	15	Hospitalization
2172022	25	Hospitalization
2182022	25	Hospitalization
2192022	25	Hospitalization
2202022	27	Hospitalization
2212022	30	Hospitalization
2222022	30	Hospitalization
2232022	30	Hospitalization
2242022	43	Hospitalization
2252022	45	Hospitalization
2262022	60	Hospitalization
2272022	60	Hospitalization
2282022	65	Hospitalization
312022	70	Hospitalization
322022	88	Hospitalization
332022	104	Hospitalization
342022	125	Hospitalization
352022	161	Hospitalization
362022	228	Hospitalization
372022	311	Hospitalization
382022	428	Hospitalization
392022	547	Hospitalization
3102022	748	Hospitalization
3112022	1018	Hospitalization
3122022	1263	Hospitalization
3132022	1668	Hospitalization
3142022	2224	Hospitalization
3152022	2898	Hospitalization
3162022	3600	Hospitalization
3172022	4507	Hospitalization
3182022	5906	Hospitalization
3192022	8350	Hospitalization
3202022	12393	Hospitalization
3212022	18012	Hospitalization
3222022	24528	Hospitalization
3232022	33073	Hospitalization
3242022	43505	Hospitalization
3252022	53938	Hospitalization
3262022	68572	Hospitalization
3272022	85570	Hospitalization
3282022	102900	Hospitalization
3292022	123966	Hospitalization
3302022	142486	Hospitalization
3312022	163955	Hospitalization
412022	188461	Hospitalization
422022	215391	Hospitalization
432022	245108	Hospitalization
442022	277426	Hospitalization
452022	312525	Hospitalization
462022	338141	Hospitalization
472022	369057	Hospitalization
482022	399394	Hospitalization
492022	431214	Hospitalization
4102022	465913	Hospitalization
4112022	499386	Hospitalization
4122022	531106	Hospitalization
4132022	558249	Hospitalization
4142022	584018	Hospitalization
4152022	610709	Hospitalization
4162022	640742	Hospitalization
4172022	672355	Hospitalization
4182022	703864	Hospitalization
4192022	732262	Hospitalization
4202022	757596	Hospitalization
4212022	784991	Hospitalization
4222022	810505	Hospitalization
4232022	839336	Hospitalization
4242022	873112	Hospitalization
4252022	909853	Hospitalization
4262022	944261	Hospitalization
4272022	970996	Hospitalization
4282022	994193	Hospitalization
4292022	1018846	Hospitalization
4302022	1045401	Hospitalization
512022	1075758	Hospitalization
522022	1109728	Hospitalization
532022	1139202	Hospitalization
542022	1165342	Hospitalization
552022	1187304	Hospitalization
562022	1211011	Hospitalization
572022	1235519	Hospitalization
582022	1263995	Hospitalization
592022	1291643	Hospitalization
5102022	1316511	Hospitalization
5112022	1336828	Hospitalization
5122022	1354449	Hospitalization
5132022	1376749	Hospitalization
5142022	1397894	Hospitalization
5152022	1424856	Hospitalization
5162022	1451093	Hospitalization
5172022	1474752	Hospitalization
5182022	1493766	Hospitalization
5192022	1515593	Hospitalization
5202022	1536570	Hospitalization
5212022	1559640	Hospitalization
5222022	1585373	Hospitalization
5232022	1609172	Hospitalization
5242022	1631440	Hospitalization
5252022	1651471	Hospitalization
5262022	1670571	Hospitalization
5272022	1689467	Hospitalization
5282022	1708211	Hospitalization
5292022	1730723	Hospitalization
5302022	1755271	Hospitalization
5312022	1778668	Hospitalization
612022	1799302	Hospitalization
622022	1821199	Hospitalization
632022	1841990	Hospitalization
642022	1861977	Hospitalization
652022	1883593	Hospitalization
662022	1912302	Hospitalization
672022	1934818	Hospitalization
682022	1953434	Hospitalization
692022	1971641	Hospitalization
6102022	1990446	Hospitalization
6112022	2013298	Hospitalization
6122022	2036500	Hospitalization
6132022	2061993	Hospitalization
6142022	2087327	Hospitalization
6152022	2106457	Hospitalization
6162022	2126574	Hospitalization
6172022	2151459	Hospitalization
6182022	2177114	Hospitalization
6192022	2205173	Hospitalization
6202022	2236009	Hospitalization
6212022	2268034	Hospitalization
6222022	2294413	Hospitalization
6232022	2324879	Hospitalization
6242022	2359939	Hospitalization
6252022	2396928	Hospitalization
6262022	2438101	Hospitalization
6272022	2483629	Hospitalization
6282022	2525928	Hospitalization
6292022	2565436	Hospitalization
6302022	2604932	Hospitalization
712022	2653321	Hospitalization
722022	2703296	Hospitalization
732022	2758855	Hospitalization
742022	2816009	Hospitalization
752022	2866015	Hospitalization
762022	2910782	Hospitalization
772022	2958098	Hospitalization
782022	3012182	Hospitalization
792022	3071637	Hospitalization
7102022	3131526	Hospitalization
7112022	3199753	Hospitalization
7122022	3260474	Hospitalization
7132022	3318279	Hospitalization
7142022	3379846	Hospitalization
7152022	3445448	Hospitalization
7162022	3513790	Hospitalization
7172022	3589477	Hospitalization
7182022	3660400	Hospitalization
7192022	3722851	Hospitalization
7202022	3785126	Hospitalization
7212022	3845014	Hospitalization
7222022	3910291	Hospitalization
7232022	3980030	Hospitalization
7242022	4050036	Hospitalization
7252022	4123561	Hospitalization
7262022	4190337	Hospitalization
7272022	4244554	Hospitalization
7282022	4303735	Hospitalization
7292022	4366851	Hospitalization
7302022	4433633	Hospitalization
7312022	4502581	Hospitalization
812022	4571669	Hospitalization
822022	4628497	Hospitalization
832022	4679291	Hospitalization
842022	4726775	Hospitalization
852022	4780324	Hospitalization
862022	4834047	Hospitalization
872022	4891561	Hospitalization
882022	4952718	Hospitalization
892022	5007958	Hospitalization
8102022	5056438	Hospitalization
8112022	5103611	Hospitalization
8122022	5156968	Hospitalization
8132022	5211246	Hospitalization
8142022	5265307	Hospitalization
8152022	5324784	Hospitalization
8162022	5375527	Hospitalization
8172022	5417664	Hospitalization
8182022	5455187	Hospitalization
8192022	5498420	Hospitalization
8202022	5541433	Hospitalization
8212022	5587475	Hospitalization
8222022	5636491	Hospitalization
8232022	5681517	Hospitalization
8242022	5713850	Hospitalization
8252022	5754254	Hospitalization
8262022	5793385	Hospitalization
1222022	0	Death
1232022	0	Death
1242022	0	Death
1252022	0	Death
1262022	0	Death
1272022	0	Death
1282022	0	Death
1292022	0	Death
1302022	0	Death
1312022	0	Death
212022	0	Death
222022	0	Death
232022	0	Death
242022	0	Death
252022	0	Death
262022	0	Death
272022	0	Death
282022	0	Death
292022	0	Death
2102022	0	Death
2112022	0	Death
2122022	0	Death
2132022	0	Death
2142022	0	Death
2152022	0	Death
2162022	0	Death
2172022	0	Death
2182022	0	Death
2192022	0	Death
2202022	0	Death
2212022	0	Death
2222022	0	Death
2232022	0	Death
2242022	0	Death
2252022	0	Death
2262022	0	Death
2272022	0	Death
2282022	0	Death
312022	1	Death
322022	3	Death
332022	6	Death
342022	10	Death
352022	12	Death
362022	12	Death
372022	15	Death
382022	19	Death
392022	22	Death
3102022	26	Death
3112022	31	Death
3122022	37	Death
3132022	43	Death
3142022	50	Death
3152022	60	Death
3162022	68	Death
3172022	91	Death
3182022	117	Death
3192022	162	Death
3202022	212	Death
3212022	277	Death
3222022	360	Death
3232022	458	Death
3242022	579	Death
3252022	785	Death
3262022	1054	Death
3272022	1353	Death
3282022	1770	Death
3292022	2300	Death
3302022	2718	Death
3312022	3368	Death
412022	4304	Death
422022	5325	Death
432022	6541	Death
442022	7932	Death
452022	9488	Death
462022	10856	Death
472022	12382	Death
482022	14616	Death
492022	16701	Death
4102022	18821	Death
4112022	21084	Death
4122022	23168	Death
4132022	24849	Death
4142022	26613	Death
4152022	29318	Death
4162022	32070	Death
4172022	34418	Death
4182022	36707	Death
4192022	38659	Death
4202022	40179	Death
4212022	42016	Death
4222022	44688	Death
4232022	47059	Death
4242022	49228	Death
4252022	51360	Death
4262022	53326	Death
4272022	54580	Death
4282022	56022	Death
4292022	58416	Death
4302022	60930	Death
512022	63140	Death
522022	64902	Death
532022	66485	Death
542022	67816	Death
552022	68905	Death
562022	71139	Death
572022	73847	Death
582022	75805	Death
592022	77380	Death
5102022	78834	Death
5112022	79765	Death
5122022	80747	Death
5132022	82400	Death
5142022	84168	Death
5152022	85906	Death
5162022	87499	Death
5172022	88724	Death
5182022	89568	Death
5192022	90414	Death
5202022	91934	Death
5212022	93411	Death
5222022	94722	Death
5232022	96010	Death
5242022	97060	Death
5252022	97680	Death
5262022	98190	Death
5272022	98937	Death
5282022	100422	Death
5292022	101622	Death
5302022	102812	Death
5312022	103775	Death
612022	104379	Death
622022	105113	Death
632022	106195	Death
642022	107184	Death
652022	108192	Death
662022	109304	Death
672022	110032	Death
682022	110422	Death
692022	111144	Death
6102022	112174	Death
6112022	113103	Death
6122022	113980	Death
6132022	114759	Death
6142022	115451	Death
6152022	115768	Death
6162022	116216	Death
6172022	116985	Death
6182022	117746	Death
6192022	118473	Death
6202022	119171	Death
6212022	119717	Death
6222022	119974	Death
6232022	120334	Death
6242022	121167	Death
6252022	121934	Death
6262022	124400	Death
6272022	125033	Death
6282022	125544	Death
6292022	125815	Death
6302022	126162	Death
712022	127462	Death
722022	128104	Death
732022	128827	Death
742022	129418	Death
752022	129679	Death
762022	129941	Death
772022	130332	Death
782022	131290	Death
792022	132238	Death
7102022	133079	Death
7112022	133907	Death
7122022	134582	Death
7132022	134977	Death
7142022	135402	Death
7152022	136356	Death
7162022	137327	Death
7172022	138285	Death
7182022	139186	Death
7192022	139961	Death
7202022	140373	Death
7212022	140904	Death
7222022	142031	Death
7232022	143167	Death
7242022	144283	Death
7252022	145429	Death
7262022	146313	Death
7272022	146753	Death
7282022	148449	Death
7292022	149776	Death
7302022	151172	Death
7312022	152433	Death
812022	153862	Death
822022	154917	Death
832022	155337	Death
842022	155945	Death
852022	157301	Death
862022	158554	Death
872022	159625	Death
882022	160981	Death
892022	161947	Death
8102022	162486	Death
8112022	163023	Death
8122022	164474	Death
8132022	165952	Death
8142022	167165	Death
8152022	168341	Death
8162022	169400	Death
8172022	169915	Death
8182022	170449	Death
8192022	171798	Death
8202022	173093	Death
8212022	174136	Death
8222022	175297	Death
8232022	176247	Death
8242022	176693	Death
8252022	177197	Death
8262022	178410	Death
